task_id,domain,score,reason,owner,evidence,subtype,subtype_evidence
legal-easy-19,legal,0.0,Grain & entity key,Agent analysis,verified,Population,confirmed
legal-hard-18,legal,0.0,Grain & entity key,Agent analysis,verified,Population,confirmed
legal-hard-22,legal,0.0,Grain & entity key,Agent analysis,verified,Entity key,confirmed
biomedical-easy-2,biomedical,0.0,Grain & entity key,Agent analysis,verified,Population,hypothesis
biomedical-hard-1,biomedical,0.0,Grain & entity key,Agent analysis,verified,Population,confirmed
biomedical-hard-5,biomedical,0.0,Grain & entity key,Agent analysis,verified,Population,hypothesis
environment-hard-16,environment,0.0,Grain & entity key,Agent analysis,verified,Entity key,confirmed
archeology-easy-8,archeology,0.0,Grain & entity key,Agent analysis,verified,Entity key,confirmed
archeology-hard-2,archeology,0.0,Grain & entity key,Agent analysis,verified,Grain,confirmed
wildfire-easy-9,wildfire,0.0,Grain & entity key,Agent analysis,reclassified,Grain,confirmed
wildfire-hard-17,wildfire,0.75,Grain & entity key,Agent analysis,reclassified,Population,hypothesis
archeology-hard-9,archeology,0.0,Grain & entity key,Agent analysis,reclassified,Population,hypothesis
environment-easy-3,environment,0.0,Grain & entity key,Agent analysis,reclassified,Entity key,hypothesis
wildfire-hard-5,wildfire,0.0,Source / column selection,Agent analysis,verified,,
biomedical-easy-9,biomedical,0.0,Source / column selection,Agent analysis,verified,,
wildfire-hard-10,wildfire,0.0,Source / column selection,Agent analysis,reclassified,,
archeology-hard-5,archeology,0.0,Grain & entity key,Agent analysis,reclassified,Grain,confirmed
legal-hard-24,legal,0.0,Output format,Agent analysis,verified,,
wildfire-hard-16,wildfire,0.5,Output format,Agent analysis,verified,,
wildfire-hard-18,wildfire,0.0,Output format,Agent analysis,verified,,
wildfire-hard-14,wildfire,0.74,Measure definition,Agent analysis,verified,,
environment-hard-20,environment,0.67,Measure definition,Agent analysis,verified,,
legal-hard-17,legal,0.0,Precision / convention,Agent analysis,verified,,
wildfire-hard-6,wildfire,0.97,Precision / convention,Agent analysis,verified,,
legal-hard-1,legal,0.0,Instruction not followed,Agent analysis,verified,,
archeology-hard-1,archeology,0.0,Grain & entity key,Agent analysis,reclassified,Grain,confirmed
astronomy-hard-9,astronomy,0.0,Measure definition,Agent analysis,verified,,
astronomy-hard-10,astronomy,0.0,Source / column selection,Agent analysis,verified,,
astronomy-hard-11,astronomy,0.0,Needs a non-SQL model,Platform & infrastructure,verified,,
wildfire-easy-2,wildfire,0.0,Source data unavailable,Eval harness,verified,,
wildfire-easy-3,wildfire,0.31,Source data unavailable,Eval harness,verified,,
wildfire-hard-19,wildfire,0.0,Source data unavailable,Eval harness,verified,,
wildfire-hard-21,wildfire,0.67,Source data unavailable,Eval harness,verified,,
archeology-hard-12,archeology,0.0,Grain & entity key,Agent analysis,reclassified,Population,confirmed
legal-easy-11,legal,0.0,Pending rerun,Pending,verified,,
legal-easy-21,legal,0.0,Pending rerun,Pending,verified,,
legal-easy-26,legal,0.0,Pending rerun,Pending,verified,,
legal-easy-27,legal,0.0,Pending rerun,Pending,verified,,
legal-hard-6,legal,0.0,Pending rerun,Pending,verified,,
legal-hard-23,legal,0.0,Pending rerun,Pending,verified,,
legal-hard-29,legal,0.0,Pending rerun,Pending,verified,,
